City,Lat,Lng,Max Temp,Humidity,Cloudiness,Wind Speed,Country,Date
Qaanaaq,77.484,-69.3632,39.56,78,100,9.04,GL,1619539622
Beringovskiy,63.05,179.3167,30.43,98,100,4.52,RU,1619539622
Bredasdorp,-34.5322,20.0403,66.2,63,98,9.22,ZA,1619539622
Conceição do Araguaia,-8.2578,-49.2647,80.6,78,40,8.05,BR,1619539623
Alofi,-19.0595,-169.9187,82.15,77,100,22.41,NU,1619539623
Pozo Colorado,-23.4923,-58.7972,73.92,36,0,5.84,PY,1619539623
Barrow,71.2906,-156.7887,19.4,79,90,8.05,US,1619539624
Nassau,40.7507,-73.5829,59.0,30,1,8.05,US,1619539399
Chui,-33.6971,-53.4616,66.72,49,1,9.19,UY,1619539358
Sunyani,7.3399,-2.3268,97.16,35,36,1.92,GH,1619539624
Hobart,-42.8794,147.3294,50.0,81,15,9.22,AU,1619539529
Palmas,-10.2128,-48.3603,86.0,70,40,3.44,BR,1619539625
Nanortalik,60.1432,-45.2371,35.2,87,26,9.08,GL,1619539625
Busselton,-33.65,115.3333,59.0,93,2,3.31,AU,1619539625
Xalapa,19.5333,-96.9167,80.26,46,26,6.67,MX,1619539377
Punta Arenas,-53.15,-70.9167,48.2,87,90,9.22,CL,1619539458
Padang,-0.9492,100.3543,78.8,89,75,2.3,ID,1619539626
Pacific Grove,36.6177,-121.9166,55.0,82,2,4.03,US,1619539626
Klaksvík,62.2266,-6.589,44.6,76,90,2.3,FO,1619539627
Aklavik,68.2191,-135.0107,14.0,48,5,4.61,CA,1619539627
Lebu,-37.6167,-73.65,60.89,67,99,3.89,CL,1619539627
Mugur-Aksy,50.35,90.5,32.4,79,100,5.12,RU,1619539628
Carnarvon,-24.8667,113.6333,69.8,83,0,8.05,AU,1619539516
Jalu,29.0331,21.5482,89.4,10,0,6.06,LY,1619539436
Saint George,37.1041,-113.5841,48.99,76,90,3.44,US,1619539502
Bluff,-46.6,168.3333,41.0,85,96,5.99,NZ,1619539629
Cleveland,41.4995,-81.6954,77.0,41,1,12.66,US,1619539443
Ushuaia,-54.8,-68.3,42.8,93,40,0.43,AR,1619539629
San Jerónimo,-11.9472,-75.2829,54.66,61,74,1.12,PE,1619539629
Los Llanos de Aridane,28.6585,-17.9182,71.6,60,75,4.61,ES,1619539630
Kota Bharu,6.1333,102.2386,78.8,89,20,3.44,MY,1619539630
Stornoway,58.2093,-6.3865,51.01,71,75,19.57,GB,1619539630
Nikolskoye,59.7035,30.7861,39.2,70,90,6.71,RU,1619539631
Aswān,24.0934,32.907,89.85,8,0,12.21,EG,1619539631
Okhotsk,59.3833,143.3,25.56,93,100,2.53,RU,1619539632
Rikitea,-23.1203,-134.9692,76.82,71,48,7.9,PF,1619539632
Ibresi,55.2961,47.0394,38.26,93,100,10.8,RU,1619539632
Hermanus,-34.4187,19.2345,64.99,78,94,6.11,ZA,1619539633
Marathon,44.9,-89.7668,51.8,58,90,8.05,US,1619539633
Hobyo,5.3505,48.5268,84.72,67,79,11.95,SO,1619539575
Cape Town,-33.9258,18.4232,64.99,72,0,12.66,ZA,1619539337
Port Alfred,-33.5906,26.891,67.98,70,0,18.97,ZA,1619539634
Yangi Marg`ilon,40.4272,71.7189,75.2,23,0,2.3,UZ,1619539634
Marsá Maţrūḩ,31.3525,27.2453,69.8,52,0,9.22,EG,1619539634
Katsuura,35.1333,140.3,60.8,67,0,17.27,JP,1619539635
Srednekolymsk,67.45,153.6833,10.22,92,95,3.13,RU,1619539635
Mar del Plata,-38.0023,-57.5575,66.2,63,20,8.05,AR,1619539389
Rawson,-43.3002,-65.1023,71.69,30,63,15.95,AR,1619539391
Touros,-5.1989,-35.4608,87.8,58,40,14.97,BR,1619539636
Mataura,-46.1927,168.8643,41.0,85,52,5.99,NZ,1619539636
Sotouboua,8.5667,0.9833,89.6,55,0,2.3,TG,1619539636
Beloha,-25.1667,45.05,75.85,74,27,7.23,MG,1619539637
Ancud,-41.8697,-73.8203,57.2,94,90,16.11,CL,1619539637
Shellbrook,53.2168,-106.4011,30.2,43,75,12.66,CA,1619539637
Clyde River,70.4692,-68.5914,30.2,80,75,6.91,CA,1619539576
New Norfolk,-42.7826,147.0587,48.99,88,24,3.27,AU,1619539469
Mahébourg,-20.4081,57.7,75.2,94,75,16.11,MU,1619539638
Daru,-9.0763,143.2092,79.3,86,99,10.6,PG,1619539638
Ilūkste,55.9775,26.2966,42.49,86,98,6.51,LV,1619539639
Tezu,27.9167,96.1667,80.28,28,17,5.59,IN,1619539639
Kudahuvadhoo,2.6708,72.8944,83.5,71,87,5.23,MV,1619539639
Jamestown,42.097,-79.2353,69.8,43,1,16.11,US,1619539640
Dunmore Town,25.5,-76.65,75.52,62,89,19.24,BS,1619539640
Hilo,19.7297,-155.09,66.2,72,1,5.75,US,1619539224
Vila do Maio,15.1333,-23.2167,78.8,50,75,24.16,CV,1619539641
Acaraú,-2.8856,-40.12,85.17,67,59,14.2,BR,1619539641
Ciudad del Carmen,18.6333,-91.8333,86.0,62,40,12.66,MX,1619539641
Hobbs,32.7026,-103.136,75.99,43,40,10.36,US,1619539612
East London,-33.0153,27.9116,68.0,73,0,16.11,ZA,1619539642
Nome,64.5011,-165.4064,32.0,74,1,4.76,US,1619539642
Yellowknife,62.456,-114.3525,9.0,66,1,8.05,CA,1619539642
Kapaa,22.0752,-159.319,64.4,94,20,6.91,US,1619539541
Tiksi,71.6872,128.8694,-3.19,99,58,6.42,RU,1619539545
Coahuayana Viejo,18.7333,-103.6833,84.2,42,40,4.14,MX,1619539439
Winnemucca,40.973,-117.7357,35.6,93,90,6.91,US,1619539643
Storsteinnes,69.2408,19.2344,35.6,80,75,4.61,NO,1619539644
Atuona,-9.8,-139.0333,79.41,71,98,15.41,PF,1619539506
Maldegem,51.2015,3.4472,64.0,54,11,10.0,BE,1619539497
Saint Anthony,45.0205,-93.218,51.01,66,1,12.66,US,1619539644
Auki,-8.7676,160.7034,77.4,86,86,4.14,SB,1619539645
Albany,42.6001,-73.9662,57.0,20,74,0.47,US,1619539611
Altay,47.8667,88.1167,43.41,43,78,6.55,CN,1619539645
Castro,-24.7911,-50.0119,71.82,42,1,6.24,BR,1619539645
Bengkulu,-3.8004,102.2655,77.05,89,94,4.21,ID,1619539646
Khatanga,71.9667,102.5,22.96,87,98,9.75,RU,1619539646
Hithadhoo,-0.6,73.0833,83.32,63,97,0.36,MV,1619539646
Sayyan,15.1718,44.3244,62.46,56,79,2.1,YE,1619539608
Vaini,-21.2,-175.2,77.0,94,90,16.11,TO,1619539647
Ahipara,-35.1667,173.1667,55.24,87,79,8.46,NZ,1619539647
Chokurdakh,70.6333,147.9167,18.28,94,100,4.68,RU,1619539648
Ola,59.5833,151.2833,19.53,86,8,5.84,RU,1619539648
Provideniya,64.3833,-173.3,30.27,85,69,5.46,RU,1619539648
Shumyachi,53.8583,32.4242,41.27,59,86,9.48,RU,1619539649
Grindavik,63.8424,-22.4338,46.4,76,90,10.36,IS,1619539649
Faya,18.3851,42.4509,64.4,59,40,3.44,SA,1619539649
Antofagasta,-23.65,-70.4,68.0,49,0,8.05,CL,1619539492
Berlevåg,70.8578,29.0864,30.2,86,90,8.05,NO,1619539650
Kyzyl-Suu,42.3414,78.0056,52.75,40,46,8.77,KG,1619539650
Mount Isa,-20.7333,139.5,69.8,30,0,13.2,AU,1619539651
Ixtapa,20.7,-105.2,80.6,69,40,4.61,MX,1619539651
Bathsheba,13.2167,-59.5167,86.0,51,20,19.57,BB,1619539652
George Town,5.4112,100.3354,82.4,83,40,3.44,MY,1619539568
Araouane,18.9048,-3.5265,107.35,6,2,3.51,ML,1619539652
College,64.8569,-147.8028,34.0,40,75,6.91,US,1619539652
Lavrentiya,65.5833,-171.0,18.66,93,71,3.27,RU,1619539653
Bethel,41.3712,-73.414,62.6,27,1,6.91,US,1619539449
Mandaguaçu,-23.3472,-52.0953,73.4,49,0,3.44,BR,1619539356
Tarko-Sale,64.9225,77.785,36.0,80,99,14.81,RU,1619539653
Avera,33.194,-82.5271,79.0,50,1,9.22,US,1619539515
Sitka,57.0531,-135.33,46.4,61,90,10.36,US,1619539598
Natal,-5.795,-35.2094,89.6,55,40,13.8,BR,1619539654
Qax,41.4225,46.9242,62.6,82,90,6.91,AZ,1619539654
Atar,20.5169,-13.0499,99.7,11,33,14.23,MR,1619539655
Saint Paul Harbor,57.79,-152.4072,42.8,87,90,20.71,US,1619539469
Belyy Yar,53.6039,91.3903,48.2,71,0,11.18,RU,1619539655
Rurrenabaque,-14.4413,-67.5278,80.6,65,75,3.44,BO,1619539655
Mezen',65.8522,44.24,30.63,68,100,8.1,RU,1619539656
Båtsfjord,70.6345,29.7185,30.2,93,75,9.22,NO,1619539656
Tsimmerbude,54.675,20.1347,42.8,65,75,11.18,RU,1619539657
Ribeira Grande,38.5167,-28.7,66.2,55,75,9.22,PT,1619539657
Ayagoz,47.9714,80.4392,56.66,39,90,4.45,KZ,1619539657
Dayong,25.0209,118.2898,68.0,100,90,0.38,CN,1619539658
Nhulunbuy,-12.2333,136.7667,78.8,89,75,10.36,AU,1619539658
Dikson,73.5069,80.5464,32.25,97,100,17.56,RU,1619539430
Broken Hill,-31.95,141.4333,57.2,51,0,5.75,AU,1619539658
Saskylakh,71.9167,114.0833,27.03,94,100,11.07,RU,1619539659
Puerto Ayora,-0.7393,-90.3518,82.4,69,20,3.44,EC,1619539327
Vostok,46.4856,135.8833,42.21,58,98,4.12,RU,1619539659
Ponta do Sol,32.6667,-17.1,66.2,68,40,11.5,PT,1619539659
Burriana,39.889,-0.085,62.01,79,39,1.99,ES,1619539660
Tasiilaq,65.6145,-37.6368,39.2,70,75,1.14,GL,1619539660
Venezuela,8.0,-66.0,91.83,43,100,15.03,VE,1619539661
Taoudenni,22.6783,-3.9836,106.2,8,13,7.61,ML,1619539661
Kushima,31.4583,131.2333,60.01,100,97,4.0,JP,1619539661
Ambon City,-3.6954,128.1814,73.4,88,20,10.36,ID,1619539662
Anshun,26.25,105.9333,57.11,87,68,2.8,CN,1619539662
Guerrero Negro,27.9769,-114.0611,61.86,67,70,8.95,MX,1619539662
San Patricio,28.017,-97.5169,82.4,78,90,14.97,US,1619539663
Diego de Almagro,-26.3667,-70.05,69.96,37,0,5.88,CL,1619539663
Kumul,42.8,93.45,58.57,16,45,4.03,CN,1619539632
Bonthe,7.5264,-12.505,88.2,59,81,12.82,SL,1619539663
Marsh Harbour,26.5412,-77.0636,74.48,61,97,17.67,BS,1619539528
Anuradhapura,8.3565,80.4173,77.85,87,95,3.8,LK,1619539664
Hasaki,35.7333,140.8333,50.0,93,75,4.61,JP,1619539664
Butaritari,3.0707,172.7902,82.31,75,34,11.21,KI,1619539665
Jacareacanga,-6.2222,-57.7528,77.7,86,100,3.09,BR,1619539665
Sakaiminato,35.55,133.2333,59.0,94,75,1.14,JP,1619539665
Thompson,55.7435,-97.8558,21.2,73,75,17.27,CA,1619539614
Ketchikan,55.3422,-131.6461,46.4,87,90,12.66,US,1619539492
Puerto Cabezas,14.0351,-83.3888,86.0,74,40,9.22,NI,1619539666
Puerto Madero,14.7208,-92.4215,89.6,66,20,5.75,MX,1619539666
Ostrovnoy,68.0531,39.5131,30.61,82,100,7.29,RU,1619539371
San Policarpo,12.1791,125.5072,78.24,76,36,7.31,PH,1619539667
Mabaruma,8.2,-59.7833,84.2,79,40,9.22,GY,1619539667
Obzor,42.8167,27.8833,57.2,67,0,6.91,BG,1619539373
Kanhangad,12.3081,75.1063,83.34,80,97,1.68,IN,1619539668
Roald,62.5833,6.1333,46.4,57,20,14.97,NO,1619539668
Evensk,61.95,159.2333,9.21,88,31,8.88,RU,1619539668
Saint-Philippe,-21.3585,55.7679,77.0,83,90,12.66,RE,1619539669
Beira,-19.8436,34.8389,80.6,83,20,9.8,MZ,1619539669
Santa Cecília,-26.9608,-50.4269,66.04,43,11,1.48,BR,1619539669
Kirakira,-10.4544,161.9205,78.01,86,97,5.66,SB,1619539670
Vizinga,61.0749,50.1031,38.8,88,100,4.43,RU,1619539670
Digha,21.6833,87.55,81.93,85,0,16.96,IN,1619539671
Kutum,14.2,24.6667,88.63,8,25,11.23,SD,1619539671
Meulaboh,4.1363,96.1285,78.03,88,100,1.01,ID,1619539671
Samarai,-10.6167,150.6667,77.34,90,100,12.41,PG,1619539672
Oxford,51.7522,-1.256,55.99,54,75,6.91,GB,1619539672
Bozova,37.3625,38.5267,73.4,31,0,9.22,TR,1619539672
Sungai Raya,0.7,108.9,78.84,86,95,3.2,ID,1619539636
Chapais,49.7834,-74.8492,41.0,56,1,9.22,CA,1619539673
Severo-Kuril'sk,50.6789,156.125,34.02,96,100,16.67,RU,1619539673
Simbahan,6.3032,120.5836,82.94,71,32,3.56,PH,1619539674
Price,39.5994,-110.8107,39.2,87,90,5.75,US,1619539674
Sukhinichi,54.0999,35.3425,39.54,68,100,9.69,RU,1619539674
Tshane,-24.0196,21.8684,77.25,23,6,4.5,BW,1619539675
Germantown,39.1732,-77.2717,78.01,41,1,6.91,US,1619539642
Tautira,-17.7333,-149.15,75.2,83,20,1.14,PF,1619539675
Thaba Nchu,-29.2093,26.839,75.2,25,98,6.91,ZA,1619539676
Władysławowo,54.7909,18.4009,46.0,65,0,11.5,PL,1619539676
Skibbereen,51.55,-9.2667,51.8,71,75,16.11,IE,1619539676
Atoka,34.4001,-96.0169,68.0,84,100,1.01,US,1619539677
Avarua,-21.2078,-159.775,69.8,100,99,1.14,CK,1619539470
Darnah,32.767,22.6367,82.0,32,6,8.41,LY,1619539677
Ustyuzhna,58.8394,36.4321,36.97,94,100,5.44,RU,1619539677
Soyo,-6.1349,12.3689,87.8,74,20,9.22,AO,1619539678
Keti Bandar,24.1447,67.4497,82.13,74,0,9.89,PK,1619539678
Shahr-e Bābak,30.1165,55.1186,69.44,29,86,4.88,IR,1619539679
Gold Coast,-28.0,153.4333,64.99,77,90,8.05,AU,1619539679
Petropavlovsk-Kamchatskiy,53.0452,158.6483,35.6,100,75,4.47,RU,1619539679
Thunder Bay,48.4001,-89.3168,39.99,100,90,10.36,CA,1619539605
Zhigansk,66.7697,123.3711,3.31,93,49,7.49,RU,1619539680
Longyearbyen,78.2186,15.6401,19.4,58,75,2.3,SJ,1619539680
Labuhan,-6.8844,112.2051,78.4,84,36,6.73,ID,1619539680
Nakambala,-15.8324,27.7799,74.5,49,71,6.46,ZM,1619539681
Narsaq,60.9167,-46.05,42.8,61,40,6.91,GL,1619539509
Constitución,-35.3333,-72.4167,66.58,42,0,3.76,CL,1619539681
Pevek,69.7008,170.3133,2.08,99,90,1.72,RU,1619539682
Baykit,61.67,96.37,26.38,95,9,3.42,RU,1619539558
Mackay,-21.15,149.2,66.2,94,40,9.22,AU,1619539682
Lille,50.633,3.0586,64.99,25,0,4.61,FR,1619539683
Mutoko,-17.397,32.2268,71.89,42,42,4.29,ZW,1619539683
Upernavik,72.7868,-56.1549,33.48,94,100,20.69,GL,1619539683
Pringsewu,-5.3582,104.9744,74.79,95,84,0.38,ID,1619539684
Barreirinha,-2.7933,-57.07,82.27,80,100,0.49,BR,1619539684
Caconda,-13.7333,15.0667,69.01,54,100,3.11,AO,1619539684
Kamaishi,39.2667,141.8833,46.94,69,78,7.09,JP,1619539685
Ghanzi,-21.5667,21.7833,76.69,28,19,5.44,BW,1619539685
Buşayrā,30.7376,35.6078,65.59,29,0,7.14,JO,1619539685
Ceres,37.5949,-120.9577,57.2,51,1,19.57,US,1619539686
Walvis Bay,-22.9575,14.5053,77.0,47,0,14.97,NA,1619539686
Kavaratti,10.5669,72.642,85.1,72,2,5.39,IN,1619539686
Cairns,-16.9167,145.7667,73.4,73,40,9.22,AU,1619539687
Tynda,55.1667,124.7167,29.8,96,100,7.18,RU,1619539687
Marawi,7.9986,124.2928,75.99,88,100,5.01,PH,1619539687
Vyshneve,50.3891,30.3705,46.99,45,0,11.18,UA,1619539688
Mormugao,15.4,73.8,87.8,74,40,9.22,IN,1619539688
Port Hardy,50.6996,-127.4199,46.4,93,90,3.44,CA,1619539395
Lagoa,39.05,-27.9833,60.08,76,93,10.27,PT,1619539689
Willowmore,-33.2926,23.4895,61.21,61,54,10.71,ZA,1619539689
Maţāy,28.419,30.7792,82.71,14,0,13.62,EG,1619539689
Xining,36.6167,101.7667,34.36,72,88,5.53,CN,1619539690
Adrar,20.5022,-10.0711,100.31,11,49,6.53,MR,1619539690
Big Rapids,43.6981,-85.4837,68.0,59,1,9.22,US,1619539645
Tessalit,20.1986,1.0114,105.19,5,27,5.35,ML,1619539691
Aksarka,66.5606,67.7975,32.29,99,100,3.6,RU,1619539691
Russell,32.3502,-85.1999,78.8,53,1,12.66,US,1619539519
Margate,51.3813,1.3862,57.0,53,10,3.0,GB,1619539691
Santa Vitória do Palmar,-33.5189,-53.3681,66.65,49,1,8.7,BR,1619539434
Mareeba,-17.0,145.4333,73.4,73,40,9.22,AU,1619539578
Bondo,3.8146,23.6866,75.07,80,100,2.17,CD,1619539692
Bakchar,57.0186,82.0711,43.29,92,99,6.35,RU,1619539692
Torbay,47.6666,-52.7314,42.01,100,90,10.36,CA,1619539399
Hong Kong,22.2855,114.1577,75.0,91,100,7.87,HK,1619539670
Morón,-34.6534,-58.6198,72.0,52,0,4.61,AR,1619539693
Shache,38.4167,77.2406,68.41,14,0,5.91,CN,1619539693
Tromsø,69.6496,18.957,35.6,64,75,9.22,NO,1619539629
Todos Santos,23.45,-110.2167,64.99,67,39,8.01,MX,1619539694
Tuatapere,-46.1333,167.6833,41.0,85,41,5.99,NZ,1619539694
Bosaso,11.2842,49.1816,84.02,73,69,8.46,SO,1619539695
Isangel,-19.55,169.2667,71.6,88,20,15.61,VU,1619539695
Maningrida,-12.0667,134.2667,75.94,93,100,7.27,AU,1619539695
Vangaindrano,-23.35,47.6,72.18,89,8,3.8,MG,1619539696
Novy Urengoy,66.0833,76.6333,32.65,94,100,11.27,RU,1619539696
Ngunguru,-35.6167,174.5,55.0,94,100,1.99,NZ,1619539696
Sørland,67.667,12.6934,35.6,87,40,10.36,NO,1619539526
Aitape,-3.1374,142.3475,78.35,83,53,2.24,PG,1619539697
Purranque,-40.9167,-73.1667,59.0,67,90,9.22,CL,1619539697
Necochea,-38.5473,-58.7368,71.01,56,0,5.01,AR,1619539697
Esperance,-33.8667,121.9,62.6,100,40,5.75,AU,1619539698
Hambantota,6.1241,81.1185,82.4,94,40,4.61,LK,1619539698
Kavieng,-2.5744,150.7967,81.12,75,100,4.34,PG,1619539698
Escárcega,18.6089,-90.7454,92.01,34,2,7.96,MX,1619539699
Chernyshevskiy,63.0128,112.4714,4.3,95,31,1.34,RU,1619539699
Norman Wells,65.282,-126.8329,6.8,56,20,2.3,CA,1619539699
Souillac,-20.5167,57.5167,75.2,94,75,16.11,MU,1619539476
Saldanha,-33.0117,17.9442,69.8,64,98,5.75,ZA,1619539700
Port Lincoln,-34.7333,135.8667,62.44,71,100,5.66,AU,1619539560
Laguna,38.421,-121.4238,57.99,58,1,10.36,US,1619539700
Kalmunai,7.4167,81.8167,80.96,82,95,9.24,LK,1619539701
Vardø,70.3705,31.1107,30.2,86,75,4.61,NO,1619539701
Platnirovskaya,45.3953,39.3842,59.0,63,40,6.71,RU,1619539702
Muros,42.7762,-9.0603,66.99,62,96,14.72,ES,1619539702
Southbridge,42.0751,-72.0334,53.6,31,90,11.5,US,1619539702
Thayetmyo,19.3167,95.1833,84.0,66,92,9.55,MM,1619539703
Barra de Tecoanapa,16.5167,-98.75,87.01,48,7,7.54,MX,1619539703
Kahului,20.8947,-156.47,64.99,94,1,4.61,US,1619539703
Shenjiamen,29.9576,122.298,59.23,95,100,6.73,CN,1619539704
Lokosovo,61.1333,74.8167,40.46,83,100,10.65,RU,1619539704
Northam,51.0333,-4.2167,54.0,32,46,11.32,GB,1619539704
Tuktoyaktuk,69.4541,-133.0374,5.0,66,1,6.91,CA,1619539705
Makkah al Mukarramah,21.4267,39.8261,87.55,43,5,9.37,SA,1619539705
Kangaatsiaq,68.3065,-53.4641,32.32,92,89,13.29,GL,1619539705
Presque Isle,46.6811,-68.0159,46.4,65,90,18.41,US,1619539706
La Asuncion,11.0333,-63.8628,81.14,73,31,12.5,VE,1619539706
Coquimbo,-29.9533,-71.3436,64.4,63,40,4.61,CL,1619539706
Lac du Bonnet,50.2536,-96.0612,55.0,99,11,5.1,CA,1619539707
Sunland Park,31.7965,-106.58,69.8,18,1,19.57,US,1619539707
Yenagoa,4.9247,6.2642,84.58,77,97,5.37,NG,1619539707
Mount Gambier,-37.8333,140.7667,51.8,93,90,4.61,AU,1619539708
Caucayá,-0.1934,-74.7819,72.84,98,100,0.85,CO,1619539708
Severnyy,50.677,36.5532,46.4,46,75,8.95,RU,1619539708
Sobolevo,54.4299,31.8996,40.15,65,74,12.44,RU,1619539709
Pulo,15.246,120.9285,77.0,78,75,4.61,PH,1619539709
Manavālakurichi,8.1333,77.3,84.2,65,40,2.3,IN,1619539709
Witu,-2.3889,40.4382,80.76,76,70,9.42,KE,1619539710
Santiago de Cao,-7.9589,-79.2392,64.4,94,75,12.66,PE,1619539710
Brodokalmak,55.5748,62.082,53.6,30,20,4.47,RU,1619539710
Sarangani,5.4033,125.4636,82.06,77,58,11.32,PH,1619539711
Erbil,36.1926,44.0106,86.0,23,82,5.75,IQ,1619539458
Manama,26.2154,50.5832,84.2,70,14,11.5,BH,1619539711
Nador,35.174,-2.9287,75.2,46,20,10.36,MA,1619539712
Sisimiut,66.9395,-53.6735,36.23,75,26,9.8,GL,1619539712
Jaru,-10.4389,-62.4664,79.97,74,100,6.62,BR,1619539712
Fortuna,40.5982,-124.1573,48.99,100,75,3.36,US,1619539713
Waipawa,-41.4122,175.5153,51.8,62,75,8.05,NZ,1619539713
Upata,8.0086,-62.3989,91.81,35,81,6.76,VE,1619539713
Rodolfo Sánchez Taboada,31.7167,-116.5667,62.01,75,87,1.01,MX,1619539714
Barcelos,41.5388,-8.6151,66.99,77,40,6.91,PT,1619539714
Eyl,7.9803,49.8164,84.49,69,31,11.81,SO,1619539715
Sabang,5.8933,95.3214,83.97,70,81,3.89,ID,1619539569
Vao,-22.6667,167.4833,73.17,55,13,17.58,NC,1619539715
Santa Cruz,30.4202,-9.5982,73.4,53,20,19.57,MA,1619539716
Guru Har Sahāi,30.7167,74.4167,91.8,10,5,1.25,IN,1619539716
Iisalmi,63.5592,27.1907,33.8,75,90,8.05,FI,1619539716
Mahon,39.8885,4.2658,66.2,59,20,8.05,ES,1619539717
Raymond Terrace,-32.75,151.75,62.01,100,90,5.75,AU,1619539717
Leh,34.1667,77.5833,39.11,26,16,4.54,IN,1619539491
Kui Buri,12.0828,99.8543,82.0,74,100,2.57,TH,1619539717
Talnakh,69.4865,88.3972,28.02,83,100,9.93,RU,1619539478
Fukuechō,32.6881,128.8419,60.8,87,100,5.68,JP,1619539557
São João da Barra,-21.6403,-41.0511,84.2,61,75,6.55,BR,1619539718
Iqaluit,63.7506,-68.5145,21.2,68,1,3.44,CA,1619539719
Camargo,27.6667,-105.1667,77.56,28,100,22.7,MX,1619539719
Vila Franca do Campo,37.7167,-25.4333,60.8,77,75,12.66,PT,1619539720
Buchanan,5.8808,-10.0467,86.0,79,75,8.05,LR,1619539519
Huanren,41.2647,125.3667,45.84,95,74,4.07,CN,1619539720
Astoria,46.1879,-123.8313,48.2,87,90,3.44,US,1619539720
Geraldton,-28.7667,114.6,62.6,82,4,5.75,AU,1619539721
Bontang,0.1333,117.5,78.75,83,51,2.06,ID,1619539721
São Filipe,14.8961,-24.4956,72.72,77,44,9.51,CV,1619539679
Oranjemund,-28.55,16.4333,62.82,80,33,11.48,NA,1619539722
Hirara,24.8,125.2833,72.55,69,68,12.12,JP,1619539722
Champerico,14.3,-91.9167,87.8,62,40,7.54,GT,1619539722
Uíge,-7.6087,15.0613,73.4,78,90,4.61,AO,1619539723
Kanigoro,-8.13,112.219,75.58,84,84,4.32,ID,1619539723
High Level,58.5169,-117.136,10.4,67,75,10.36,CA,1619539723
Nkoteng,4.5167,12.0333,86.74,55,73,3.02,CM,1619539724
Port Elizabeth,-33.918,25.5701,64.4,82,0,18.41,ZA,1619539724
Samaná,19.2056,-69.3369,86.0,66,40,6.91,DO,1619539725
Mukdahan,16.5833,104.5,75.97,83,86,3.76,TH,1619539725
Baní,18.2833,-70.3333,86.0,62,40,11.5,DO,1619539725
Pauini,-7.7136,-66.9764,84.61,61,100,4.21,BR,1619539726
Barra de São Francisco,-18.755,-40.8908,87.35,43,73,5.84,BR,1619539726
Ous,60.9058,61.5186,39.76,69,54,5.57,RU,1619539726
Airai,-8.9266,125.4092,57.09,75,49,1.68,TL,1619539727
Acapulco de Juárez,16.8634,-99.8901,86.0,58,1,5.5,MX,1619539727
Trelew,-43.249,-65.3051,73.54,24,51,14.38,AR,1619539668
Lake City,30.1897,-82.6393,80.01,53,40,9.22,US,1619539471
Maumere,-8.6199,122.2111,76.59,69,10,5.37,ID,1619539728
Williams Lake,52.1415,-122.1445,51.01,52,75,3.44,CA,1619539496
São Gotardo,-19.3111,-46.0489,81.0,63,70,1.01,BR,1619539728
Freetown,8.484,-13.2299,84.51,56,35,8.66,SL,1619539728
Puerto Baquerizo Moreno,-0.9,-89.6,82.4,74,40,11.5,EC,1619539729
Purpe,64.4803,76.6897,36.0,80,98,16.22,RU,1619539729
Faanui,-16.4833,-151.75,80.82,73,42,9.55,PF,1619539730
Le Port,-20.9373,55.2919,77.0,88,90,16.11,RE,1619539730
Itacarambi,-15.1022,-44.0919,94.41,31,24,4.81,BR,1619539730
Korla,41.7597,86.1469,63.27,30,17,3.27,CN,1619539731
Eureka,40.8021,-124.1637,48.99,81,1,3.44,US,1619539731
Kikwit,-5.041,18.8162,83.25,64,88,0.65,CD,1619539731
Gamba,-2.65,10.0,78.62,86,100,7.31,GA,1619539732
Plainview,40.7765,-73.4673,59.0,30,1,8.05,US,1619539732
Yar-Sale,66.8333,70.8333,32.74,95,100,10.22,RU,1619539732
Phalaborwa,-23.943,31.1411,89.6,18,0,5.75,ZA,1619539733
Matagami,49.7502,-77.6328,42.8,26,20,5.75,CA,1619539733
Naze,28.3667,129.4833,63.99,63,68,8.05,JP,1619539733
Cockburn Town,21.4612,-71.1419,77.49,75,6,15.5,TC,1619539734
Arraial do Cabo,-22.9661,-42.0278,80.6,78,40,11.5,BR,1619539566
Oistins,13.0667,-59.5333,86.0,51,20,19.57,BB,1619539504
Khovd,48.0056,91.6419,47.1,26,100,4.68,MN,1619539734
Lorengau,-2.0226,147.2712,81.39,73,92,3.94,PG,1619539735
Okha,53.5739,142.9478,27.95,82,92,12.17,RU,1619539735
Linkou,45.3,130.2833,50.14,89,100,7.23,CN,1619539735
Yulara,-25.2406,130.9889,59.0,38,0,6.91,AU,1619539736
Saint-Augustin,51.226,-58.6502,37.04,96,100,20.4,CA,1619539736
Fort Nelson,58.8053,-122.7002,10.4,79,90,8.05,CA,1619539736
Mujiayingzi,42.1167,118.7833,45.59,23,1,16.67,CN,1619539737
Maebaru-chūō,33.55,130.2,64.4,77,75,4.61,JP,1619539737
Cayenne,4.9333,-52.3333,77.0,88,75,2.53,GF,1619539737
Qixingtai,30.4135,111.8874,64.99,81,27,3.38,CN,1619539738
Port Hedland,-20.3167,118.5667,69.8,52,0,9.22,AU,1619539738
Hornepayne,49.2138,-84.7705,35.31,88,100,5.91,CA,1619539738
Caravelas,-17.7125,-39.2481,84.97,52,1,9.64,BR,1619539739
Portland,45.5234,-122.6762,51.01,76,90,0.76,US,1619539610
Bongaree,-27.0797,153.1586,62.01,96,5,12.03,AU,1619539739
Miramar,25.9873,-80.2323,82.99,54,75,17.27,US,1619539644
Ayan,56.45,138.1667,29.77,92,100,12.8,RU,1619539740
Wichian Buri,15.6578,101.106,77.65,86,97,3.4,TH,1619539740
Tiarei,-17.5333,-149.3333,75.2,83,20,1.14,PF,1619539740
Porto-Novo,6.4965,2.6036,89.6,66,40,14.97,BJ,1619539559
Nísia Floresta,-6.0911,-35.2086,89.6,58,40,14.97,BR,1619539741
Belém,-1.4558,-48.5044,86.0,66,75,5.75,BR,1619539632
Ormond Beach,29.2858,-81.0559,77.0,53,40,11.5,US,1619539741
Hofn,64.2539,-15.2082,43.32,75,5,10.07,IS,1619539742
Fort Saint James,54.4333,-124.25,38.14,78,100,2.3,CA,1619539742
Niigata,37.9022,139.0236,45.0,64,53,4.63,JP,1619539742
Mil'kovo,54.7167,158.6167,31.5,98,100,8.84,RU,1619539743
Kaoma,-14.7833,24.8,70.47,64,70,3.47,ZM,1619539743
Jasper,37.2001,-94.3502,72.0,68,1,23.02,US,1619539744
Knysna,-34.0363,23.0471,60.8,94,75,5.75,ZA,1619539744
Turukhansk,65.8167,87.9833,34.16,80,100,13.56,RU,1619539648
Igrim,63.1906,64.4162,40.23,72,99,3.85,RU,1619539744
Cidreira,-30.1811,-50.2056,68.36,49,0,12.88,BR,1619539745
Monteagudo,-19.8167,-63.9833,66.2,72,20,2.89,BO,1619539745
Monrovia,6.3005,-10.7969,86.0,79,75,8.05,LR,1619539745
Mirny,62.5353,113.9611,10.29,94,11,2.91,RU,1619539746
Katangli,51.7102,143.2326,27.93,88,35,9.48,RU,1619539746
Oskaloosa,41.2964,-92.6444,78.8,47,1,13.8,US,1619539746
Carauari,-4.8828,-66.8958,75.16,95,100,2.57,BR,1619539747
Yuzhnyy,53.2542,83.6936,53.6,76,75,13.42,RU,1619539747
Lake Shasta,40.6804,-122.3708,59.0,44,1,10.36,US,1619539747
Santa Maria,-29.6842,-53.8069,68.0,52,40,5.75,BR,1619539748
Kosh-Agach,50.0,88.6667,38.05,64,100,3.02,RU,1619539748
Hengyang,26.8881,112.615,62.82,91,99,1.34,CN,1619539748
Lüderitz,-26.6481,15.1594,66.22,71,3,13.42,NA,1619539552
Lluta,-16.0147,-72.0142,66.2,15,0,8.05,PE,1619539749
Dunedin,-45.8742,170.5036,45.0,60,70,3.0,NZ,1619539749
Mechetinskaya,46.7713,40.456,49.64,59,19,3.47,RU,1619539750
Malé,4.1748,73.5089,86.0,79,20,5.75,MV,1619539750
Pampierstad,-27.7832,24.6877,73.71,23,71,9.98,ZA,1619539750
Aykhal,66.0,111.5,5.59,94,85,6.76,RU,1619539751
Skjervøy,70.0311,20.9714,35.6,55,75,9.22,NO,1619539751
Half Moon Bay,37.4636,-122.4286,57.0,82,1,4.61,US,1619539751
Acajutla,13.5928,-89.8275,82.4,57,20,2.3,SV,1619539752
San Cristobal,7.7669,-72.225,73.4,100,75,2.3,VE,1619539486
Taku,39.0211,117.6469,62.6,19,0,11.18,CN,1619539752
Manuk Mangkaw,4.8,119.85,83.61,69,30,5.97,PH,1619539753
Broome,42.2506,-75.833,61.0,38,1,9.22,US,1619539753
Agirish,61.9247,63.0231,40.26,53,31,6.44,RU,1619539754
General Roca,-39.0333,-67.5833,66.2,63,0,4.61,AR,1619539754
Kuandian,40.7286,124.7847,46.49,94,91,6.67,CN,1619539754
Inhambane,-23.865,35.3833,80.6,78,0,11.5,MZ,1619539755
Port-Cartier,50.0334,-66.8654,46.4,81,75,11.5,CA,1619539755
Codrington,-38.2667,141.9667,48.06,87,0,5.41,AU,1619539755
Namatanai,-3.6667,152.4333,79.3,80,98,4.59,PG,1619539756
Coração de Jesus,-16.6853,-44.365,82.4,47,0,8.05,BR,1619539756
Beni Mazar,28.4962,30.8029,82.65,14,0,13.51,EG,1619539756
Mitsamiouli,-11.3847,43.2844,82.06,72,97,6.96,KM,1619539631
Coronado,32.6859,-117.1831,60.01,58,75,4.61,US,1619539544
Lompoc,34.6391,-120.4579,55.0,71,29,3.44,US,1619539562
Luleå,65.5842,22.1547,41.0,36,0,5.75,SE,1619539757
Kjøllefjord,70.9457,27.3465,30.2,86,90,5.75,NO,1619539757
Knyaginino,55.8228,45.0349,38.17,88,100,12.06,RU,1619539758
Camacha,33.0833,-16.3333,68.0,68,20,14.97,PT,1619539758
Seoul,37.5683,126.9778,59.0,94,90,14.97,KR,1619539758
Hualmay,-11.0964,-77.6139,71.89,73,97,12.75,PE,1619539566
Mayskiy,47.6931,40.1025,53.6,40,0,13.42,RU,1619539759
Lacombe,52.4668,-113.7353,33.8,93,89,14.97,CA,1619539619
Propriá,-10.2111,-36.8403,87.87,57,61,8.21,BR,1619539759
Lincoln,40.8,-96.667,75.99,53,1,5.75,US,1619539760
Igualada,41.581,1.6172,63.0,62,100,1.01,ES,1619539760
Laas,46.6166,10.7002,66.2,53,40,10.36,IT,1619539760
Syumsi,57.1111,51.6149,44.8,60,100,3.47,RU,1619539761
Eirunepé,-6.6603,-69.8736,83.28,61,100,3.98,BR,1619539761
Thinadhoo,0.5333,72.9333,83.25,62,40,1.88,MV,1619539568
Tabory,58.5198,64.5495,43.11,66,98,3.96,RU,1619539762
Ust-Nera,64.5667,143.2,16.63,97,100,3.53,RU,1619539762
Raudeberg,61.9875,5.1352,50.0,27,0,13.8,NO,1619539762
Tabas,33.5959,56.9244,84.9,23,75,2.93,IR,1619539763
Richards Bay,-28.783,32.0377,74.52,57,78,5.68,ZA,1619539656
Goba,7.0167,39.9833,52.84,94,99,4.27,ET,1619539763
Lavumisa,-27.31,31.892,87.8,45,7,1.14,SZ,1619539763
Dongsheng,39.8161,109.9776,39.9,38,15,4.12,CN,1619539764
Salinópolis,-0.6136,-47.3561,84.61,67,100,9.1,BR,1619539764
Nelson Bay,-32.7167,152.15,62.01,100,90,5.75,AU,1619539765
Huarmey,-10.0681,-78.1522,72.97,73,98,10.22,PE,1619539765
Sola,-13.8833,167.55,75.2,100,75,11.41,VU,1619539765
Iberia,29.9502,-91.7507,82.4,74,90,18.41,US,1619539766
Nanga Eboko,4.6833,12.3667,87.3,51,72,3.62,CM,1619539766
Bichena,10.45,38.2,61.84,63,71,5.66,ET,1619539766
Helmstedt,52.2279,11.0099,54.0,28,0,10.36,DE,1619539767
Oruzgan,32.8333,66.0,73.13,9,74,5.28,AF,1619539767
Kiunga,-6.1219,141.2906,73.54,99,100,1.41,PG,1619539767
Valparaíso,-33.0393,-71.6273,57.2,100,90,3.44,CL,1619539608
Gwanda,-20.9333,29.0,75.13,25,5,5.7,ZW,1619539768
Balsas,-7.5325,-46.0356,86.7,59,62,7.0,BR,1619539768
Kungurtug,50.5994,97.5228,30.18,83,98,3.0,RU,1619539769
Pisco,-13.7,-76.2167,68.0,88,65,9.22,PE,1619539769
Bahía Solano,6.2262,-77.4044,79.93,85,100,3.65,CO,1619539769
Santa Cruz de la Sierra,-17.8,-63.1667,73.4,53,0,14.97,BO,1619539543
Palmer,42.1584,-72.3287,51.8,31,75,3.44,US,1619539770
Kruisfontein,-34.0033,24.7314,66.99,64,3,5.01,ZA,1619539770
Mansfield,53.1333,-1.2,51.01,77,100,1.99,GB,1619539770
Erzin,36.9559,36.2,66.99,88,9,8.99,TR,1619539771
Kaitangata,-46.2817,169.8464,39.99,81,35,1.99,NZ,1619539771
Brae,60.3964,-1.353,44.6,70,40,17.27,GB,1619539772
Along,28.1667,94.7667,71.28,63,74,3.78,IN,1619539772
St. George's,12.0564,-61.7485,84.2,74,40,20.71,GD,1619539772
Rapoltu Mare,45.8667,23.0667,50.72,81,100,3.67,RO,1619539773
Erenhot,43.6475,111.9767,45.66,23,44,19.46,CN,1619539773
Cherskiy,68.75,161.3,3.81,96,32,5.91,RU,1619539773
Iquitos,-3.7481,-73.2472,77.0,94,90,5.75,PE,1619539774
Beyneu,45.3167,55.2,70.18,41,33,15.57,KZ,1619539774
Nioro,13.35,-15.75,102.7,12,6,7.63,GM,1619539774
Clayton,33.5335,-84.3666,75.99,53,75,9.22,US,1619539754
Oyama,36.3,139.8,64.0,93,20,1.14,JP,1619539775
Paraná,-31.732,-60.5238,73.99,52,0,3.0,AR,1619539775
Río Gallegos,-51.6226,-69.2181,53.6,66,0,4.61,AR,1619539776
Mahabalipuram,12.6264,80.1722,84.2,74,20,5.75,IN,1619539776
Nantucket,41.2835,-70.0995,53.6,40,75,18.41,US,1619539776
Zabaykal'sk,49.6333,117.3167,35.38,48,100,20.4,RU,1619539777
Kirkwood,38.5834,-90.4068,79.0,41,75,13.8,US,1619539777
Saint-Pierre,-21.3393,55.4781,77.0,83,90,12.66,RE,1619539777
Vágur,61.4732,-6.8119,43.32,72,78,18.12,FO,1619539572
Gushikawa,26.3544,127.8686,69.8,77,1,5.75,JP,1619539778
Honiara,-9.4333,159.95,76.6,86,32,3.67,SB,1619539778
Iskateley,67.6803,53.1512,27.07,81,100,11.65,RU,1619539779
Khor,47.8861,134.9464,55.15,58,100,6.89,RU,1619539779
Husavik,66.0449,-17.3389,46.4,53,0,13.8,IS,1619539779
Hamina,60.5697,27.1979,37.4,81,75,6.91,FI,1619539780
Bambous Virieux,-20.3428,57.7575,75.99,94,75,16.11,MU,1619539780
Santos Dumont,-21.4567,-43.5525,75.99,64,75,6.91,BR,1619539780
Polyarny,69.1989,33.4478,35.6,51,40,6.71,RU,1619539781
Kloulklubed,7.0419,134.2556,75.2,94,40,3.0,PW,1619539781
Kuala Terengganu,5.3302,103.1408,82.4,89,20,3.44,MY,1619539781
Rumonge,-3.9736,29.4386,73.67,85,94,1.77,BI,1619539782
Māngrol,21.1167,70.1167,81.86,74,0,8.79,IN,1619539782
Yebaishou,41.3975,119.6408,50.07,21,18,13.91,CN,1619539782
Stupino,54.9008,38.0708,37.99,87,20,11.18,RU,1619539783
Zhigalovo,54.8097,105.1578,22.62,96,23,2.3,RU,1619539783
Safaga,26.7292,33.9365,80.6,28,0,16.11,EG,1619539783
Ajdabiya,30.7554,20.2263,90.61,11,12,10.69,LY,1619539784
Zhangye,38.9342,100.4517,51.62,16,96,15.1,CN,1619539784
Plettenberg Bay,-34.0527,23.3716,62.24,84,81,6.53,ZA,1619539499
Ilhabela,-23.7781,-45.3581,73.62,86,73,4.43,BR,1619539785
Terney,45.0503,136.6092,40.57,80,100,0.74,RU,1619539785
Wasilla,61.5814,-149.4394,43.0,56,1,4.47,US,1619539785
Havre-St-Pierre,50.2334,-63.5986,42.8,100,90,11.5,CA,1619539786
Pak Phanang,8.3511,100.202,78.19,86,100,7.18,TH,1619539786
Bubaque,11.2833,-15.8333,78.6,68,4,14.9,GW,1619539786
Bāfq,31.6128,55.4107,77.59,33,47,16.11,IR,1619539787
Kununurra,-15.7667,128.7333,78.8,89,90,4.61,AU,1619539787
Ingham,42.6,-84.3833,71.6,49,1,5.75,US,1619539787
Makakilo City,21.3469,-158.0858,71.6,88,90,4.61,US,1619539788
Grootfontein,-19.5667,18.1167,80.6,26,40,5.75,NA,1619539788
Kontagora,10.3999,5.4695,101.37,22,100,0.45,NG,1619539789
Swan River,52.1058,-101.2676,37.4,41,76,17.27,CA,1619539789
Williston,48.147,-103.618,55.99,53,48,1.99,US,1619539162
Hokitika,-42.7167,170.9667,49.86,65,100,3.42,NZ,1619539789
Matara,5.9485,80.5353,80.42,83,85,5.86,LK,1619539790
Hamilton,39.1834,-84.5333,75.99,43,1,21.85,US,1619539774
Mossamedes,-15.1961,12.1522,79.86,66,0,13.73,AO,1619539790
Yumen,40.2833,97.2,47.66,17,14,11.7,CN,1619539790
Kandrian,-6.2167,149.55,77.14,89,89,6.53,PG,1619539791
Presidencia Roque Sáenz Peña,-26.7852,-60.4388,72.05,44,0,4.32,AR,1619539791
Shingū,33.7333,135.9833,57.36,83,81,4.25,JP,1619539792
Lunenburg,44.3835,-64.3155,48.0,81,96,19.57,CA,1619539792
Benguela,-12.5763,13.4055,83.89,66,12,6.8,AO,1619539792
‘Āhuimanu,21.4447,-157.8378,71.6,83,75,2.64,US,1619539793
Port-Gentil,-0.7193,8.7815,86.0,74,75,10.36,GA,1619539793
Fairbanks,64.8378,-147.7164,36.0,37,1,9.22,US,1619539793
Kalabo,-14.97,22.6814,75.07,54,63,2.28,ZM,1619539794
Roebourne,-20.7833,117.1333,78.48,28,0,8.1,AU,1619539794
Caranavi,-15.8167,-67.55,71.02,59,90,3.13,BO,1619539794
Yerbogachën,61.2767,108.0108,16.93,92,77,2.48,RU,1619539795
Vila Velha,-20.3297,-40.2925,87.01,61,20,10.36,BR,1619539795
Sovetskiy,61.3614,63.5842,41.36,50,58,5.01,RU,1619539795
Changde,29.0464,111.6783,68.0,40,6,7.0,CN,1619539796
Limbang,4.75,115.0,78.8,94,75,1.14,MY,1619539757
Puerto Maldonado,-12.6,-69.1833,78.8,69,75,6.91,PE,1619539796
Arrifes,37.7667,-25.7,60.8,77,75,12.66,PT,1619539797
Murgab,37.4966,61.9714,82.4,26,0,7.94,TM,1619539797
San Lazaro,18.0387,-88.6622,89.01,70,40,17.27,BZ,1619539797
Pontianak,-0.0333,109.3333,77.0,94,40,2.1,ID,1619539798
La Ronge,55.1001,-105.2842,17.6,53,100,11.5,CA,1619539798
Buraidah,26.326,43.975,91.4,22,40,16.11,SA,1619539798
Stromness,58.965,-3.296,44.6,70,75,6.91,GB,1619539636
Bekhteyevka,50.8072,37.2085,46.4,46,75,8.95,RU,1619539799
Shitanjing,39.2342,106.3439,41.32,28,6,6.42,CN,1619539799
Kinston,35.2627,-77.5816,79.0,38,1,11.5,US,1619539753
Gobabis,-22.45,18.9667,76.71,24,22,8.66,NA,1619539800
Fianarantsoa,-21.4333,47.0833,61.05,97,57,6.46,MG,1619539800
Tual,-5.6667,132.75,83.3,62,86,7.23,ID,1619539800
Santiago,-33.4569,-70.6483,69.01,45,0,3.44,CL,1619539741
Bandarbeyla,9.4942,50.8122,84.6,70,54,7.87,SO,1619539801
Ilulissat,69.2167,-51.1,35.6,80,75,8.05,GL,1619539802
Lata,40.1629,-8.3327,66.0,77,80,7.0,PT,1619539802
Antropovo,58.3988,43.0066,41.22,74,100,2.33,RU,1619539806
City of San Pedro,14.35,121.0167,80.6,74,20,3.44,PH,1619539807
Prince Rupert,54.3161,-130.3201,46.4,87,90,12.66,CA,1619539807
Bukid,5.5717,125.4056,80.47,80,63,8.81,PH,1619539807
Nikki,9.9401,3.2108,100.49,22,82,5.55,BJ,1619539808
Rabaul,-4.1967,152.1721,80.69,77,100,5.39,PG,1619539808
Qaqortoq,60.7167,-46.0333,42.8,61,40,6.91,GL,1619539643
Yaan,7.3833,8.5667,95.36,41,65,10.65,NG,1619539809
Kamenka,51.3223,42.7678,48.99,43,100,8.88,RU,1619539809
Ust-Maya,60.4167,134.5333,35.01,91,100,6.85,RU,1619539809
Mosjøen,65.836,13.1908,41.0,42,40,11.5,NO,1619539810
Masallātah,32.6167,14.0,81.21,32,82,5.99,LY,1619539756
Arlit,18.7369,7.3853,107.47,5,23,4.45,NE,1619539811
Westport,41.1415,-73.3579,60.01,35,1,10.36,US,1619539650
Pittsfield,42.4501,-73.2454,57.0,26,90,10.36,US,1619539811
Forsytheganj,52.6333,29.7333,43.07,52,96,9.51,BY,1619539811
